arealdekkeniva2,arealbruklandhovedklasse,arealbruklandunderklasse,grunnforhold,ny_arealdekke,fremkommelighet
bebygd,Boligbebyggelse,StoreBoligbygg,*,Høyblokkbebyggelse,None
bebygd,GroenneOmr,GravUrnelund,*,GravUrnelund,None
bebygd,GroenneOmr,Lekeplass,*,Snaumark,None
bebygd,GroenneOmr,*,*,Park,None
bebygd,IdrettsOmr,Alpinanlegg,*,Alpinbakke,None
bebygd,IdrettsOmr,Golfanlegg,*,Golfbane,None
bebygd,IdrettsOmr,*,*,IdrettsOmr,None
bebygd,NaeringTjeneste,Bergverk,*,Bergverk,None
bebygd,NaeringTjeneste,Industri,*,Industri,None
bebygd,TeknInfrastr,*,*,TeknInfrastr,None
bebygd,TransportTelek,LufthavnOmr,*,LufthavnOmr,None
bebygd,TransportTelek,Parkering,*,Parkering,None
bebygd,*,*,*,Bebygd,None
ferskvannElvBekk,*,*,*,ElvFlate,None
ferskvannInnsjoTjern,*,*,*,Innsjo,None
ferskvannInnsjoTjernRegulert,*,*,*,InnsjoRegulert,None
ferskvannKanal,*,*,*,Kanal,None
hav,*,*,*,Hav,None
jordbrukFulldyrka,Boligbebyggelse,StoreBoligbygg,*,Høyblokkbebyggelse,None
jordbrukFulldyrka,Boligbebyggelse,*,*,Bebygd,None
jordbrukFulldyrka,Fritidsbebyggelse,*,*,Bebygd,None
jordbrukFulldyrka,HelseSosial,*,*,Bebygd,None
jordbrukFulldyrka,KulturReligion,*,*,Bebygd,None
jordbrukFulldyrka,LandbrukFiske,*,*,Bebygd,None
jordbrukFulldyrka,TeknInfrastr,*,*,TeknInfrastr,None
jordbrukFulldyrka,UndervisnBhage,*,*,Bebygd,None
jordbrukFulldyrka,GroenneOmr,GravUrnelund,*,GravUrnelund,None
jordbrukFulldyrka,GroenneOmr,Lekeplass,*,Snaumark,None
jordbrukFulldyrka,GroenneOmr,*,*,Park,None
jordbrukFulldyrka,IdrettsOmr,Alpinanlegg,*,Alpinbakke,None
jordbrukFulldyrka,IdrettsOmr,Golfanlegg,*,Golfbane,None
jordbrukFulldyrka,IdrettsOmr,*,*,IdrettsOmr,None
jordbrukFulldyrka,NaeringTjeneste,Bergverk,*,Bergverk,None
jordbrukFulldyrka,NaeringTjeneste,Industri,*,Industri,None
jordbrukFulldyrka,NaeringTjeneste,*,*,Bebygd,None
jordbrukFulldyrka,TransportTelek,LufthavnOmr,*,LufthavnOmr,None
jordbrukFulldyrka,TransportTelek,*,*,Bebygd,None
jordbrukFulldyrka,*,*,*,Jordbruk,None
jordbrukInnmarksbeiteApen,Fritidsbebyggelse,*,*,Bebygd,None
jordbrukInnmarksbeiteApen,LandbrukFiske,*,*,Bebygd,None
jordbrukInnmarksbeiteApen,GroenneOmr,GravUrnelund,*,GravUrnelund,None
jordbrukInnmarksbeiteApen,GroenneOmr,Lekeplass,*,Snaumark,None
jordbrukInnmarksbeiteApen,GroenneOmr,*,*,Park,None
jordbrukInnmarksbeiteApen,IdrettsOmr,Alpinanlegg,*,Alpinbakke,None
jordbrukInnmarksbeiteApen,IdrettsOmr,Golfanlegg,*,Golfbane,None
jordbrukInnmarksbeiteApen,IdrettsOmr,*,*,IdrettsOmr,None
jordbrukInnmarksbeiteApen,NaeringTjeneste,Bergverk,*,Bergverk,None
jordbrukInnmarksbeiteApen,NaeringTjeneste,Industri,*,Industri,None
jordbrukInnmarksbeiteApen,NaeringTjeneste,*,*,Bebygd,None
jordbrukInnmarksbeiteApen,TransportTelek,LufthavnOmr,*,LufthavnOmr,None
jordbrukInnmarksbeiteApen,*,*,*,Innmarksbeite,None
jordbrukInnmarksbeiteTresatt*,Boligbebyggelse,*,*,Bebygd,None
jordbrukInnmarksbeiteTresatt*,Fritidsbebyggelse,*,*,Bebygd,None
jordbrukInnmarksbeiteTresatt*,LandbrukFiske,*,*,Bebygd,None
jordbrukInnmarksbeiteTresatt*,TeknInfrastr,*,*,TeknInfrastr,None
jordbrukInnmarksbeiteTresatt*,GroenneOmr,GravUrnelund,*,GravUrnelund,Skog
jordbrukInnmarksbeiteTresatt*,GroenneOmr,Lekeplass,*,Snaumark,Skog
jordbrukInnmarksbeiteTresatt*,IdrettsOmr,Alpinanlegg,*,Alpinbakke,Skog
jordbrukInnmarksbeiteTresatt*,IdrettsOmr,Golfanlegg,*,Golfbane,Skog
jordbrukInnmarksbeiteTresatt*,IdrettsOmr,*,*,IdrettsOmr,Skog
jordbrukInnmarksbeiteTresatt*,NaeringTjeneste,Bergverk,*,Bergverk,None
jordbrukInnmarksbeiteTresatt*,NaeringTjeneste,Industri,*,Industri,None
jordbrukInnmarksbeiteTresatt*,NaeringTjeneste,*,*,Bebygd,None
jordbrukInnmarksbeiteTresatt*,TransportTelek,LufthavnOmr,*,LufthavnOmr,None
jordbrukInnmarksbeiteTresatt*,*,*,*,Innmarksbeite,Skog
jordbrukOverflatedyrka,Boligbebyggelse,*,*,Bebygd,None
jordbrukOverflatedyrka,Fritidsbebyggelse,*,*,Bebygd,None
jordbrukOverflatedyrka,KulturReligion,*,*,Bebygd,None
jordbrukOverflatedyrka,LandbrukFiske,*,*,Bebygd,None
jordbrukOverflatedyrka,TeknInfrastr,*,*,TeknInfrastr,None
jordbrukOverflatedyrka,UndervisnBhage,*,*,Bebygd,None
jordbrukOverflatedyrka,GroenneOmr,GravUrnelund,*,GravUrnelund,None
jordbrukOverflatedyrka,GroenneOmr,Lekeplass,*,Snaumark,None
jordbrukOverflatedyrka,GroenneOmr,*,*,Park,None
jordbrukOverflatedyrka,IdrettsOmr,Alpinanlegg,*,Alpinbakke,None
jordbrukOverflatedyrka,IdrettsOmr,Golfanlegg,*,Golfbane,None
jordbrukOverflatedyrka,IdrettsOmr,*,*,IdrettsOmr,None
jordbrukOverflatedyrka,NaeringTjeneste,Bergverk,*,Bergverk,None
jordbrukOverflatedyrka,NaeringTjeneste,Industri,*,Industri,None
jordbrukOverflatedyrka,NaeringTjeneste,*,*,Bebygd,None
jordbrukOverflatedyrka,TransportTelek,LufthavnOmr,*,LufthavnOmr,None
jordbrukOverflatedyrka,TransportTelek,*,*,Bebygd,None
jordbrukOverflatedyrka,*,*,*,Jordbruk,None
myrApen,GroenneOmr,GravUrnelund,*,GravUrnelund,Myr
myrApen,GroenneOmr,Lekeplass,*,Snaumark,Myr
myrApen,IdrettsOmr,Alpinanlegg,*,Alpinbakke,Myr
myrApen,IdrettsOmr,Golfanlegg,*,Golfbane,Myr
myrApen,IdrettsOmr,*,*,IdrettsOmr,Myr
myrApen,*,*,*,Myr,None
myrTresatt*,GroenneOmr,GravUrnelund,*,GravUrnelund,Myr
myrTresatt*,GroenneOmr,Lekeplass,*,Skog,Myr
myrTresatt*,GroenneOmr,*,*,Skog,Myr
myrTresatt*,IdrettsOmr,Alpinanlegg,*,Alpinbakke,Myr
myrTresatt*,IdrettsOmr,Golfanlegg,*,Golfbane,Myr
myrTresatt*,IdrettsOmr,*,*,IdrettsOmr,Myr
myrTresatt*,*,*,*,Skog,Myr
samferdsel,TransportTelek,Bane,*,Bane,None
samferdsel,TransportTelek,LufthavnOmr,*,LufthavnOmr,None
samferdsel,TransportTelek,Parkering,*,Parkering,None
samferdsel,TransportTelek,*,*,Samferdsel,None
samferdsel,Beredskap,*,*,Bebygd,None
samferdsel,Boligbebyggelse,StoreBoligbygg,*,Høyblokkbebyggelse,None
samferdsel,Boligbebyggelse,*,*,Bebygd,None
samferdsel,Fritidsbebyggelse,*,*,Bebygd,None
samferdsel,HelseSosial,*,*,Bebygd,None
samferdsel,KulturReligion,*,*,Bebygd,None
samferdsel,LandbrukFiske,*,*,Bebygd,None
samferdsel,TeknInfrastr,*,*,TeknInfrastr,None
samferdsel,UndervisnBhage,*,*,Bebygd,None
samferdsel,GroenneOmr,GravUrnelund,*,GravUrnelund,None
samferdsel,GroenneOmr,Lekeplass,*,Snaumark,None
samferdsel,GroenneOmr,*,*,Park,None
samferdsel,IdrettsOmr,Alpinanlegg,*,Alpinbakke,None
samferdsel,IdrettsOmr,Golfanlegg,*,Golfbane,None
samferdsel,IdrettsOmr,*,*,IdrettsOmr,None
samferdsel,NaeringTjeneste,Bergverk,*,Bergverk,None
samferdsel,NaeringTjeneste,Industri,*,Industri,None
samferdsel,NaeringTjeneste,*,*,Bebygd,None
samferdsel,*,*,*,Samferdsel,None
skog*,GroenneOmr,GravUrnelund,*,GravUrnelund,Skog
skog*,GroenneOmr,Lekeplass,Fjell_i_dagen,Skog,Fjell_i_dagen
skog*,GroenneOmr,Lekeplass,*,Skog,None
skog*,GroenneOmr,*,*,Skog,None
skog*,IdrettsOmr,Alpinanlegg,Blokkmark,Alpinbakke,Blokkmark
skog*,IdrettsOmr,Alpinanlegg,Fjell_i_dagen,Alpinbakke,Fjell_i_dagen
skog*,IdrettsOmr,Alpinanlegg,*,Alpinbakke,Skog
skog*,IdrettsOmr,Golfanlegg,Fjell_i_dagen,Golfbane,Fjell_i_dagen
skog*,IdrettsOmr,Golfanlegg,*,Golfbane,Skog
skog*,IdrettsOmr,*,Fjell_i_dagen,IdrettsOmr,Fjell_i_dagen
skog*,IdrettsOmr,*,*,IdrettsOmr,Skog
skog*,*,*,Blokkmark,Skog,Blokkmark
skog*,*,*,Fjell_i_dagen,Skog,Fjell_i_dagen
skog*,*,*,*,Skog,None
snaumarkFrisk,GroenneOmr,GravUrnelund,Fjell_i_dagen,GravUrnelund,Fjell_i_dagen
snaumarkFrisk,GroenneOmr,GravUrnelund,*,GravUrnelund,None
snaumarkFrisk,GroenneOmr,Lekeplass,*,Snaumark,None
snaumarkFrisk,GroenneOmr,*,*,Park,None
snaumarkFrisk,IdrettsOmr,Alpinanlegg,Fjell_i_dagen,Alpinbakke,Fjell_i_dagen
snaumarkFrisk,IdrettsOmr,Alpinanlegg,*,Alpinbakke,None
snaumarkFrisk,IdrettsOmr,Golfanlegg,Fjell_i_dagen,Golfbane,Fjell_i_dagen
snaumarkFrisk,IdrettsOmr,Golfanlegg,*,Golfbane,None
snaumarkFrisk,IdrettsOmr,*,Fjell_i_dagen,IdrettsOmr,Fjell_i_dagen
snaumarkFrisk,IdrettsOmr,*,*,IdrettsOmr,None
snaumarkFrisk,*,*,Blokkmark,Snaumark,Blokkmark
snaumarkFrisk,*,*,Fjell_i_dagen,Snaumark,Fjell_i_dagen
snaumarkFrisk,*,*,*,Snaumark,None
snaumarkImpediment,GroenneOmr,GravUrnelund,*,GravUrnelund,None
snaumarkImpediment,GroenneOmr,Lekeplass,*,Snaumark,None
snaumarkImpediment,IdrettsOmr,Alpinanlegg,Fjell_i_dagen,Alpinbakke,Fjell_i_dagen
snaumarkImpediment,IdrettsOmr,Alpinanlegg,*,Alpinbakke,None
snaumarkImpediment,IdrettsOmr,Golfanlegg,*,Golfbane,None
snaumarkImpediment,IdrettsOmr,*,*,IdrettsOmr,None
snaumarkImpediment,*,*,Blokkmark,Snaumark,Blokkmark
snaumarkImpediment,*,*,Fjell_i_dagen,Snaumark,Fjell_i_dagen
snaumarkImpediment,*,*,*,Snaumark, None
snaumarkKonstruert,GroenneOmr,GravUrnelund,*,GravUrnelund,None
snaumarkKonstruert,GroenneOmr,Lekeplass,*,Snaumark,None
snaumarkKonstruert,GroenneOmr,*,*,Park,None
snaumarkKonstruert,IdrettsOmr,*,*,IdrettsOmr,None
snaumarkKonstruert,*,*,*,Snaumark,None
snaumarkMiddelsFrisk,GroenneOmr,GravUrnelund,*,GravUrnelund,None
snaumarkMiddelsFrisk,GroenneOmr,Lekeplass,*,Snaumark,None
snaumarkMiddelsFrisk,GroenneOmr,*,*,Park,None
snaumarkMiddelsFrisk,IdrettsOmr,Alpinanlegg,Fjell_i_dagen,Alpinbakke,Fjell_i_dagen
snaumarkMiddelsFrisk,IdrettsOmr,Alpinanlegg,*,Alpinbakke,None
snaumarkMiddelsFrisk,IdrettsOmr,Golfanlegg,*,Golfbane,None
snaumarkMiddelsFrisk,IdrettsOmr,*,Fjell_i_dagen,IdrettsOmr,Fjell_i_dagen
snaumarkMiddelsFrisk,IdrettsOmr,*,*,IdrettsOmr,None
snaumarkMiddelsFrisk,*,*,Blokkmark,Snaumark,Blokkmark
snaumarkMiddelsFrisk,*,*,Fjell_i_dagen,Snaumark,Fjell_i_dagen
snaumarkMiddelsFrisk,*,*,*,Snaumark,None
snaumarkSkrinn,GroenneOmr,Lekeplass,Fjell_i_dagen,Snaumark,Fjell_i_dagen
snaumarkSkrinn,GroenneOmr,Lekeplass,*,Snaumark,None
snaumarkSkrinn,GroenneOmr,*,*,Snaumark,None
snaumarkSkrinn,IdrettsOmr,Alpinanlegg,Fjell_i_dagen,Alpinbakke,Fjell_i_dagen
snaumarkSkrinn,IdrettsOmr,Alpinanlegg,*,Alpinbakke,None
snaumarkSkrinn,IdrettsOmr,Golfanlegg,*,Golfbane,None
snaumarkSkrinn,IdrettsOmr,*,Blokkmark,IdrettsOmr,Blokkmark
snaumarkSkrinn,IdrettsOmr,*,Fjell_i_dagen,IdrettsOmr,Fjell_i_dagen
snaumarkSkrinn,IdrettsOmr,*,*,IdrettsOmr,None
snaumarkSkrinn,*,*,Blokkmark,Snaumark,Blokkmark
snaumarkSkrinn,*,*,Fjell_i_dagen,Snaumark,Fjell_i_dagen
snaumarkSkrinn,*,*,*,Snaumark,None
snaumarkUspesifisert,GroenneOmr,GravUrnelund,*,GravUrnelund,None
snaumarkUspesifisert,GroenneOmr,Lekeplass,Fjell_i_dagen,Snaumark,Fjell_i_dagen
snaumarkUspesifisert,GroenneOmr,Lekeplass,*,Snaumark,None
snaumarkUspesifisert,GroenneOmr,*,Blokkmark,Park,Blokkmark
snaumarkUspesifisert,GroenneOmr,*,Fjell_i_dagen,Park,Fjell_i_dagen
snaumarkUspesifisert,GroenneOmr,*,*,Park,None
snaumarkUspesifisert,IdrettsOmr,Alpinanlegg,Blokkmark,Alpinbakke,Blokkmark
snaumarkUspesifisert,IdrettsOmr,Alpinanlegg,Fjell_i_dagen,Alpinbakke,Fjell_i_dagen
snaumarkUspesifisert,IdrettsOmr,Alpinanlegg,*,Alpinbakke,None
snaumarkUspesifisert,IdrettsOmr,Golfanlegg,Fjell_i_dagen,Golfbane,Fjell_i_dagen
snaumarkUspesifisert,IdrettsOmr,Golfanlegg,*,Golfbane,None
snaumarkUspesifisert,IdrettsOmr,*,Blokkmark,IdrettsOmr,Blokkmark
snaumarkUspesifisert,IdrettsOmr,*,Fjell_i_dagen,IdrettsOmr,Fjell_i_dagen
snaumarkUspesifisert,IdrettsOmr,*,*,IdrettsOmr,None
snaumarkUspesifisert,*,*,Blokkmark,Snaumark,Blokkmark
snaumarkUspesifisert,*,*,Fjell_i_dagen,Snaumark,Fjell_i_dagen
snaumarkUspesifisert,*,*,*,Snaumark,None
snoIsbre,IdrettsOmr,Alpinanlegg,*,Alpinbakke,None
snoIsbre,*,*,*,Snoisbre,None